0.0221515021871482,529
0.024045782243427436,2516
0.02445135836820893,5232
0.027390364395875073,37
0.027598224171306182,4504
0.03102109199596807,1333
0.03404041264108371,838
0.035308523454785634,7636
0.04297710455329836,1230
0.04338380976852784,123
0.05470552674199061,1231
0.07002485060623742,297
0.07261406346455378,3836
0.07343563320654081,3112
0.07459590039874464,8023
0.08137954162046988,5631
0.08223581049235111,8193
0.10116742000373094,4393
0.11657949139607851,4394
0.12380907935288185,3975
0.12412976191711601,20
0.1333159839172745,340
0.13971642877286958,4887
0.1412964268227257,334
0.14171515871901663,171
0.14276240317043704,7317
0.14798900238613014,24
0.1629132925397172,1233
0.16294263051441446,9423
0.1707371100027621,7638
0.17199002955711395,26
0.17555499243992326,4917
0.17808385690947026,437
0.19588698803643742,436
0.2008843661234814,7637
0.2174704139433309,1232
0.23332257498744777,4735
0.23477641516954653,5734
0.244137743748456,1780
0.24735615553941975,13
0.2507288214192614,8693
0.30124913813959725,5652
0.40086186292652737,8326
0.4163399238649485,7204
0.5118556043104939,166
0.5925613212703976,2381
0.6414944755076134,9557
0.6958238160633281,8192
0.7682535344148057,473
0.8609862818670524,3835
